t,Archivo
1039,0
964,0
962,0
936,0
885,0
866,0
720,0
559,0
490,0
461,0
452,0
442,0
402,0
398,0
383,0
379,0
375,0
365,0
361,0
347,0
329,0
323,0
965,1
939,1
934,1
903,1
885,1
749,1
638,1
554,1
540,1
516,1
508,1
504,1
496,1
470,1
455,1
448,1
430,1
420,1
410,1
399,1
397,1
379,1
335,1
320,1
1039,2
1033,2
1019,2
980,2
976,2
973,2
966,2
947,2
944,2
926,2
813,2
792,2
787,2
729,2
723,2
693,2
673,2
669,2
645,2
639,2
626,2
604,2
555,2
542,2
536,2
515,2
513,2
507,2
500,2
495,2
457,2
435,2
419,2
403,2
392,2
371,2
355,2
351,2
329,2
325,2
1036,3
970,3
966,3
925,3
903,3
895,3
881,3
870,3
863,3
845,3
811,3
751,3
717,3
704,3
695,3
652,3
630,3
597,3
561,3
530,3
510,3
491,3
471,3
453,3
449,3
436,3
417,3
380,3
363,3
355,3
347,3
344,3
337,3
332,3
1024,4
1020,4
1002,4
993,4
957,4
907,4
899,4
888,4
863,4
861,4
856,4
809,4
742,4
735,4
719,4
716,4
678,4
656,4
614,4
575,4
537,4
505,4
473,4
465,4
459,4
441,4
432,4
421,4
406,4
381,4
360,4
344,4
338,4
320,4
308,4
968,5
926,5
912,5
816,5
798,5
795,5
701,5
693,5
612,5
606,5
580,5
578,5
564,5
558,5
549,5
527,5
513,5
470,5
451,5
439,5
423,5
417,5
403,5
361,5
357,5
327,5
1028,6
945,6
915,6
910,6
907,6
876,6
826,6
768,6
642,6
589,6
521,6
497,6
473,6
432,6
426,6
400,6
393,6
378,6
352,6
336,6
327,6
946,7
930,7
906,7
877,7
869,7
860,7
815,7
798,7
771,7
713,7
694,7
664,7
658,7
652,7
646,7
496,7
489,7
475,7
468,7
458,7
418,7
382,7
375,7
347,7
334,7
330,7
322,7
1039,8
1028,8
1006,8
998,8
928,8
906,8
900,8
869,8
857,8
846,8
836,8
792,8
786,8
765,8
738,8
724,8
696,8
672,8
636,8
633,8
625,8
604,8
579,8
553,8
545,8
517,8
515,8
512,8
470,8
457,8
450,8
426,8
416,8
399,8
390,8
365,8
362,8
359,8
333,8
325,8
1039,9
1033,9
1031,9
997,9
937,9
912,9
894,9
875,9
853,9
811,9
788,9
752,9
710,9
703,9
698,9
627,9
581,9
529,9
504,9
484,9
457,9
430,9
428,9
426,9
417,9
387,9
374,9
370,9
356,9
338,9
335,9
333,9
329,9
943,10
896,10
860,10
848,10
803,10
770,10
765,10
652,10
620,10
617,10
609,10
548,10
525,10
513,10
479,10
461,10
445,10
419,10
403,10
378,10
365,10
360,10
358,10
345,10
338,10
321,10
973,11
951,11
949,11
931,11
916,11
888,11
780,11
766,11
692,11
680,11
631,11
600,11
538,11
513,11
507,11
502,11
461,11
457,11
448,11
410,11
379,11
355,11
329,11
326,11
667,12
584,12
577,12
553,12
545,12
502,12
415,12
393,12
379,12
364,12
357,12
340,12
336,12
330,12
316,12
571,13
566,13
535,13
516,13
477,13
459,13
416,13
410,13
403,13
390,13
381,13
377,13
360,13
328,13
992,14
990,14
966,14
958,14
784,14
710,14
676,14
673,14
657,14
606,14
585,14
577,14
573,14
535,14
526,14
511,14
505,14
488,14
484,14
456,14
421,14
411,14
400,14
391,14
380,14
357,14
336,14
716,15
647,15
643,15
630,15
586,15
551,15
502,15
496,15
476,15
471,15
463,15
392,15
339,15
334,15
636,16
541,16
493,16
490,16
470,16
461,16
421,16
405,16
394,16
360,16
345,16
329,16
588,17
546,17
517,17
501,17
455,17
450,17
439,17
431,17
417,17
384,17
358,17
336,17
624,18
604,18
584,18
565,18
556,18
549,18
534,18
498,18
459,18
435,18
412,18
396,18
357,18
336,18
331,18
325,18
667,19
662,19
647,19
637,19
632,19
605,19
562,19
555,19
537,19
530,19
497,19
470,19
448,19
422,19
394,19
374,19
372,19
351,19
340,19
716,20
695,20
668,20
665,20
591,20
587,20
575,20
572,20
549,20
533,20
526,20
513,20
503,20
491,20
487,20
476,20
461,20
447,20
444,20
440,20
409,20
403,20
354,20
350,20
604,21
594,21
568,21
557,21
544,21
540,21
522,21
474,21
471,21
468,21
454,21
439,21
411,21
386,21
368,21
366,21
361,21
351,21
338,21
572,22
565,22
550,22
528,22
460,22
453,22
447,22
406,22
394,22
390,22
387,22
379,22
366,22
345,22
338,22
652,23
615,23
604,23
594,23
555,23
517,23
490,23
463,23
446,23
436,23
433,23
412,23
402,23
386,23
354,23
697,24
683,24
660,24
646,24
643,24
609,24
546,24
518,24
503,24
485,24
448,24
423,24
391,24
364,24
535,25
495,25
474,25
462,25
439,25
412,25
400,25
394,25
369,25
365,25
351,25
312,25
1023,26
999,26
980,26
965,26
948,26
909,26
875,26
863,26
859,26
832,26
820,26
800,26
792,26
779,26
727,26
714,26
658,26
598,26
558,26
520,26
485,26
444,26
441,26
436,26
422,26
405,26
384,26
356,26
345,26
337,26
320,26
1029,27
1023,27
1003,27
978,27
951,27
934,27
908,27
882,27
871,27
851,27
843,27
821,27
770,27
758,27
743,27
706,27
683,27
677,27
646,27
616,27
589,27
583,27
575,27
555,27
521,27
490,27
475,27
470,27
438,27
405,27
383,27
372,27
357,27
344,27
316,27
1029,28
1001,28
968,28
938,28
905,28
833,28
791,28
740,28
733,28
725,28
709,28
693,28
667,28
616,28
592,28
574,28
521,28
514,28
507,28
485,28
454,28
446,28
416,28
412,28
408,28
401,28
394,28
390,28
366,28
363,28
350,28
331,28
309,28
1034,29
970,29
934,29
863,29
838,29
794,29
781,29
778,29
583,29
524,29
509,29
501,29
496,29
446,29
435,29
398,29
372,29
355,29
328,29
1013,30
958,30
948,30
927,30
901,30
837,30
784,30
726,30
690,30
678,30
658,30
539,30
520,30
507,30
465,30
440,30
417,30
395,30
388,30
383,30
357,30
342,30
327,30
1037,31
1014,31
892,31
860,31
858,31
847,31
837,31
775,31
752,31
731,31
711,31
700,31
608,31
573,31
522,31
478,31
467,31
463,31
438,31
436,31
432,31
427,31
397,31
356,31
352,31
344,31
337,31
329,31
1039,32
1022,32
1002,32
990,32
982,32
977,32
973,32
953,32
921,32
906,32
883,32
869,32
827,32
811,32
786,32
764,32
754,32
724,32
676,32
642,32
619,32
616,32
583,32
576,32
566,32
551,32
545,32
515,32
454,32
427,32
401,32
372,32
350,32
1028,33
991,33
972,33
968,33
955,33
953,33
927,33
857,33
843,33
828,33
807,33
803,33
784,33
717,33
695,33
692,33
652,33
648,33
616,33
585,33
556,33
512,33
510,33
500,33
482,33
474,33
396,33
372,33
357,33
331,33
320,33
305,33
1012,34
994,34
974,34
954,34
938,34
911,34
679,34
671,34
603,34
573,34
538,34
510,34
486,34
483,34
440,34
422,34
389,34
387,34
367,34
334,34
320,34
305,34
1025,35
973,35
953,35
941,35
912,35
825,35
759,35
745,35
638,35
636,35
583,35
535,35
517,35
505,35
501,35
498,35
481,35
462,35
453,35
434,35
426,35
403,35
390,35
371,35
360,35
352,35
336,35
1035,36
996,36
978,36
965,36
879,36
809,36
582,36
563,36
498,36
495,36
433,36
408,36
389,36
381,36
374,36
361,36
328,36
326,36
1030,37
1017,37
1012,37
997,37
980,37
970,37
953,37
949,37
944,37
912,37
910,37
893,37
844,37
823,37
807,37
778,37
761,37
744,37
703,37
634,37
605,37
591,37
584,37
581,37
574,37
555,37
540,37
520,37
503,37
490,37
487,37
455,37
417,37
402,37
397,37
384,37
366,37
357,37
343,37
315,37
980,38
940,38
937,38
931,38
904,38
896,38
871,38
855,38
850,38
833,38
823,38
806,38
782,38
779,38
736,38
642,38
560,38
528,38
495,38
468,38
456,38
450,38
434,38
411,38
404,38
401,38
384,38
378,38
365,38
350,38
324,38
313,38
1034,39
984,39
981,39
911,39
885,39
867,39
821,39
816,39
778,39
760,39
726,39
624,39
490,39
481,39
445,39
434,39
426,39
418,39
397,39
392,39
364,39
345,39
328,39
312,39
1029,40
1008,40
1004,40
995,40
980,40
945,40
860,40
814,40
790,40
720,40
566,40
532,40
526,40
503,40
476,40
452,40
449,40
432,40
420,40
393,40
373,40
355,40
351,40
343,40
335,40
1039,41
1027,41
998,41
996,41
956,41
953,41
950,41
944,41
930,41
928,41
872,41
838,41
828,41
785,41
753,41
750,41
720,41
708,41
659,41
637,41
621,41
564,41
501,41
466,41
443,41
438,41
417,41
402,41
397,41
375,41
365,41
358,41
355,41
351,41
991,42
988,42
971,42
953,42
949,42
918,42
906,42
903,42
866,42
808,42
790,42
758,42
755,42
699,42
667,42
608,42
571,42
547,42
533,42
510,42
492,42
473,42
469,42
446,42
441,42
425,42
389,42
373,42
359,42
353,42
341,42
336,42
313,42
1039,43
1012,43
948,43
944,43
894,43
808,43
793,43
773,43
689,43
655,43
637,43
616,43
613,43
599,43
530,43
502,43
498,43
465,43
438,43
418,43
384,43
357,43
349,43
346,43
335,43
320,43
1023,44
991,44
950,44
939,44
918,44
891,44
813,44
737,44
716,44
644,44
585,44
530,44
522,44
506,44
465,44
441,44
426,44
406,44
390,44
388,44
380,44
366,44
338,44
330,44
321,44
319,44
316,44
1039,45
1035,45
1002,45
939,45
898,45
892,45
889,45
880,45
849,45
815,45
807,45
765,45
743,45
733,45
706,45
673,45
660,45
654,45
642,45
638,45
612,45
610,45
550,45
530,45
491,45
477,45
461,45
455,45
430,45
411,45
403,45
398,45
373,45
357,45
352,45
1032,46
1009,46
983,46
968,46
953,46
922,46
906,46
901,46
895,46
879,46
814,46
783,46
692,46
672,46
578,46
564,46
527,46
517,46
501,46
468,46
426,46
400,46
371,46
346,46
328,46
1039,47
1033,47
1008,47
998,47
970,47
940,47
930,47
921,47
908,47
876,47
850,47
777,47
759,47
741,47
701,47
686,47
672,47
568,47
552,47
549,47
545,47
534,47
532,47
510,47
496,47
476,47
469,47
447,47
410,47
378,47
370,47
1031,48
985,48
974,48
946,48
943,48
868,48
858,48
837,48
803,48
771,48
761,48
718,48
686,48
547,48
545,48
529,48
504,48
474,48
459,48
443,48
438,48
379,48
363,48
327,48
323,48
312,48
1014,49
976,49
967,49
963,49
924,49
884,49
838,49
834,49
738,49
671,49
562,49
537,49
515,49
497,49
484,49
469,49
456,49
440,49
438,49
402,49
397,49
385,49
381,49
365,49
348,49
344,49
339,49
318,49
988,50
967,50
880,50
846,50
791,50
766,50
759,50
753,50
608,50
517,50
492,50
441,50
424,50
380,50
347,50
323,50
305,50
1039,51
1014,51
990,51
984,51
950,51
939,51
921,51
908,51
897,51
876,51
853,51
838,51
833,51
828,51
813,51
762,51
725,51
720,51
713,51
707,51
685,51
670,51
639,51
527,51
473,51
457,51
406,51
373,51
369,51
351,51
338,51
1015,52
1001,52
986,52
951,52
898,52
889,52
883,52
876,52
847,52
840,52
837,52
771,52
764,52
746,52
704,52
688,52
642,52
627,52
615,52
547,52
513,52
495,52
492,52
441,52
424,52
397,52
366,52
317,52
1039,53
1002,53
989,53
979,53
977,53
938,53
916,53
893,53
855,53
849,53
785,53
765,53
730,53
679,53
611,53
570,53
518,53
491,53
445,53
431,53
417,53
393,53
353,53
342,53
1017,54
990,54
924,54
909,54
879,54
850,54
768,54
671,54
639,54
601,54
586,54
558,54
531,54
497,54
453,54
425,54
380,54
366,54
355,54
348,54
343,54
327,54
312,54
906,55
859,55
846,55
825,55
801,55
782,55
743,55
655,55
642,55
628,55
614,55
603,55
551,55
473,55
469,55
437,55
424,55
401,55
395,55
390,55
373,55
348,55
321,55
1039,56
1026,56
1000,56
998,56
996,56
993,56
982,56
957,56
931,56
916,56
899,56
874,56
862,56
845,56
826,56
798,56
783,56
763,56
739,56
736,56
592,56
583,56
549,56
526,56
493,56
472,56
456,56
442,56
433,56
425,56
417,56
404,56
391,56
362,56
342,56
328,56
1017,57
1014,57
987,57
973,57
930,57
919,57
889,57
858,57
823,57
807,57
746,57
708,57
693,57
672,57
655,57
561,57
552,57
521,57
502,57
487,57
463,57
458,57
440,57
412,57
409,57
402,57
380,57
374,57
365,57
348,57
1038,58
1034,58
968,58
947,58
926,58
922,58
906,58
890,58
876,58
847,58
843,58
811,58
779,58
759,58
716,58
544,58
449,58
422,58
397,58
371,58
350,58
334,58
1021,59
1002,59
988,59
915,59
891,59
888,59
799,59
760,59
673,59
667,59
659,59
606,59
603,59
572,59
527,59
515,59
486,59
468,59
444,59
419,59
368,59
342,59
320,59
312,59
900,60
827,60
812,60
600,60
582,60
572,60
552,60
491,60
476,60
471,60
465,60
436,60
413,60
408,60
404,60
364,60
347,60
336,60
313,60
1039,61
1025,61
1004,61
1000,61
994,61
954,61
942,61
924,61
900,61
886,61
851,61
846,61
843,61
804,61
776,61
749,61
745,61
735,61
695,61
685,61
660,61
614,61
594,61
557,61
541,61
537,61
535,61
529,61
523,61
468,61
452,61
419,61
401,61
395,61
382,61
338,61
315,61
1004,62
951,62
922,62
892,62
887,62
862,62
858,62
814,62
793,62
783,62
778,62
749,62
694,62
690,62
685,62
675,62
608,62
589,62
584,62
561,62
503,62
496,62
453,62
448,62
442,62
414,62
387,62
369,62
350,62
346,62
334,62
317,62
314,62
997,63
993,63
867,63
863,63
843,63
793,63
789,63
660,63
635,63
572,63
535,63
498,63
482,63
459,63
450,63
434,63
426,63
422,63
417,63
399,63
366,63
342,63
339,63
1007,64
1003,64
949,64
882,64
863,64
815,64
747,64
704,64
579,64
552,64
548,64
524,64
516,64
513,64
504,64
498,64
492,64
459,64
432,64
414,64
399,64
380,64
375,64
852,65
764,65
735,65
686,65
659,65
562,65
507,65
455,65
416,65
384,65
369,65
357,65
327,65
1033,66
1019,66
998,66
987,66
981,66
964,66
957,66
942,66
929,66
912,66
894,66
860,66
856,66
840,66
837,66
830,66
822,66
780,66
768,66
720,66
697,66
676,66
661,66
648,66
629,66
622,66
577,66
553,66
537,66
528,66
496,66
477,66
448,66
424,66
410,66
397,66
378,66
374,66
351,66
321,66
1019,67
983,67
980,67
934,67
877,67
829,67
740,67
703,67
664,67
629,67
585,67
551,67
535,67
510,67
490,67
483,67
471,67
427,67
402,67
379,67
366,67
361,67
331,67
304,67
1039,68
1023,68
1018,68
998,68
986,68
978,68
969,68
967,68
964,68
951,68
944,68
937,68
919,68
901,68
872,68
857,68
775,68
773,68
732,68
707,68
705,68
638,68
626,68
604,68
575,68
532,68
525,68
520,68
453,68
449,68
380,68
368,68
338,68
334,68
331,68
830,69
735,69
677,69
615,69
570,69
555,69
512,69
501,69
480,69
459,69
444,69
427,69
420,69
408,69
401,69
391,69
375,69
582,70
525,70
515,70
503,70
492,70
484,70
443,70
418,70
397,70
353,70
336,70
330,70
1022,71
993,71
961,71
940,71
931,71
917,71
907,71
896,71
888,71
880,71
855,71
838,71
775,71
767,71
743,71
726,71
715,71
697,71
677,71
619,71
607,71
566,71
557,71
539,71
513,71
491,71
472,71
455,71
429,71
407,71
402,71
388,71
352,71
337,71
1003,72
993,72
972,72
926,72
918,72
899,72
864,72
860,72
832,72
819,72
760,72
732,72
686,72
677,72
673,72
670,72
648,72
623,72
618,72
612,72
590,72
540,72
504,72
466,72
451,72
432,72
425,72
411,72
395,72
345,72
324,72
319,72
863,73
805,73
795,73
790,73
783,73
770,73
763,73
755,73
724,73
626,73
518,73
503,73
495,73
408,73
387,73
379,73
327,73
322,73
307,73
700,74
677,74
613,74
597,74
494,74
475,74
460,74
429,74
416,74
408,74
360,74
349,74
333,74
319,74
623,75
621,75
595,75
561,75
548,75
516,75
476,75
448,75
439,75
426,75
376,75
332,75
1037,76
1029,76
1012,76
989,76
975,76
965,76
950,76
937,76
902,76
868,76
827,76
763,76
747,76
719,76
694,76
672,76
651,76
622,76
583,76
553,76
524,76
482,76
479,76
459,76
440,76
423,76
403,76
392,76
386,76
355,76
347,76
343,76
335,76
820,77
799,77
783,77
755,77
733,77
649,77
624,77
566,77
523,77
514,77
492,77
467,77
452,77
431,77
426,77
417,77
405,77
394,77
352,77
350,77
699,78
587,78
568,78
529,78
492,78
488,78
468,78
440,78
431,78
425,78
397,78
394,78
385,78
362,78
339,78
321,78
620,79
591,79
557,79
545,79
539,79
490,79
473,79
446,79
430,79
423,79
418,79
401,79
372,79
341,79
334,79
328,79
701,80
664,80
613,80
600,80
585,80
544,80
530,80
528,80
490,80
476,80
449,80
431,80
404,80
386,80
374,80
350,80
342,80
719,81
704,81
669,81
554,81
531,81
522,81
467,81
442,81
415,81
405,81
389,81
363,81
360,81
353,81
339,81
686,82
656,82
625,82
615,82
558,82
495,82
491,82
483,82
453,82
450,82
434,82
381,82
377,82
366,82
361,82
353,82
343,82
332,82
614,83
586,83
511,83
501,83
477,83
472,83
459,83
454,83
439,83
432,83
423,83
417,83
415,83
374,83
367,83
360,83
336,83
319,83
313,83
607,84
597,84
573,84
533,84
511,84
493,84
484,84
460,84
456,84
422,84
406,84
380,84
366,84
354,84
334,84
316,84
640,85
534,85
531,85
520,85
495,85
474,85
463,85
430,85
397,85
384,85
372,85
365,85
353,85
345,85
665,86
634,86
557,86
548,86
509,86
408,86
403,86
395,86
390,86
370,86
351,86
338,86
642,87
605,87
567,87
502,87
460,87
421,87
403,87
394,87
376,87
370,87
358,87
341,87
618,88
537,88
532,88
509,88
486,88
464,88
426,88
416,88
413,88
391,88
358,88
344,88
626,89
580,89
539,89
477,89
457,89
440,89
428,89
383,89
372,89
369,89
366,89
351,89
637,90
613,90
583,90
573,90
566,90
549,90
500,90
489,90
467,90
445,90
442,90
422,90
409,90
397,90
381,90
367,90
349,90
337,90
319,90
699,91
621,91
607,91
577,91
558,91
508,91
491,91
479,91
472,91
424,91
422,91
390,91
374,91
363,91
349,91
342,91
338,91
322,91
618,92
549,92
543,92
534,92
513,92
507,92
501,92
476,92
425,92
412,92
410,92
382,92
361,92
357,92
338,92
324,92
320,92
564,93
535,93
529,93
523,93
468,93
422,93
406,93
348,93
336,93
642,94
540,94
501,94
441,94
430,94
426,94
423,94
393,94
365,94
353,94
328,94
620,95
610,95
593,95
576,95
569,95
540,95
534,95
520,95
474,95
446,95
439,95
416,95
397,95
384,95
372,95
357,95
335,95
616,96
572,96
502,96
459,96
438,96
404,96
380,96
359,96
345,96
305,96
1039,97
1023,97
990,97
914,97
888,97
798,97
723,97
717,97
714,97
639,97
525,97
481,97
442,97
407,97
364,97
358,97
349,97
344,97
336,97
313,97
997,98
942,98
887,98
869,98
861,98
785,98
758,98
732,98
660,98
649,98
605,98
557,98
508,98
488,98
475,98
445,98
440,98
417,98
412,98
386,98
375,98
359,98
338,98
313,98
1000,99
988,99
983,99
976,99
939,99
921,99
884,99
863,99
818,99
756,99
703,99
691,99
683,99
670,99
663,99
617,99
607,99
604,99
514,99
486,99
478,99
474,99
420,99
416,99
375,99
337,99
1035,100
1033,100
1018,100
1008,100
986,100
975,100
930,100
851,100
835,100
813,100
778,100
762,100
759,100
554,100
515,100
481,100
477,100
459,100
449,100
442,100
421,100
414,100
411,100
385,100
366,100
1015,101
989,101
946,101
929,101
907,101
893,101
891,101
797,101
794,101
789,101
701,101
690,101
681,101
518,101
494,101
462,101
422,101
407,101
390,101
360,101
347,101
331,101
320,101
1028,102
1006,102
999,102
955,102
946,102
928,102
899,102
885,102
858,102
827,102
818,102
806,102
798,102
782,102
732,102
725,102
711,102
674,102
608,102
590,102
583,102
575,102
572,102
554,102
531,102
505,102
494,102
467,102
464,102
446,102
420,102
395,102
382,102
373,102
359,102
347,102
328,102
316,102
309,102
1029,103
1025,103
1017,103
949,103
931,103
897,103
857,103
836,103
793,103
772,103
745,103
660,103
646,103
576,103
561,103
552,103
537,103
526,103
492,103
462,103
457,103
432,103
417,103
404,103
388,103
382,103
374,103
360,103
347,103
330,103
1038,104
1021,104
989,104
965,104
935,104
932,104
868,104
841,104
774,104
770,104
762,104
754,104
735,104
634,104
521,104
478,104
453,104
400,104
389,104
373,104
366,104
353,104
351,104
341,104
319,104
1033,105
1017,105
1011,105
960,105
955,105
887,105
884,105
802,105
750,105
604,105
567,105
513,105
477,105
424,105
414,105
409,105
394,105
389,105
336,105
1031,106
1029,106
1027,106
1020,106
1013,106
993,106
974,106
964,106
960,106
937,106
930,106
888,106
884,106
874,106
870,106
831,106
684,106
681,106
621,106
534,106
511,106
489,106
481,106
473,106
459,106
454,106
428,106
418,106
404,106
398,106
380,106
338,106
335,106
321,106
1031,107
1028,107
1019,107
995,107
948,107
915,107
887,107
875,107
863,107
843,107
790,107
752,107
718,107
713,107
709,107
687,107
676,107
623,107
589,107
586,107
545,107
510,107
491,107
482,107
465,107
445,107
430,107
409,107
395,107
365,107
356,107
353,107
342,107
317,107
992,108
954,108
952,108
899,108
867,108
814,108
796,108
763,108
724,108
713,108
685,108
606,108
587,108
510,108
497,108
478,108
461,108
431,108
414,108
380,108
344,108
337,108
329,108
313,108
1038,109
915,109
889,109
886,109
868,109
827,109
782,109
744,109
738,109
636,109
606,109
604,109
479,109
450,109
425,109
389,109
377,109
362,109
335,109
319,109
1027,110
1002,110
987,110
958,110
948,110
927,110
894,110
865,110
855,110
849,110
829,110
823,110
816,110
814,110
774,110
664,110
653,110
619,110
562,110
541,110
429,110
395,110
388,110
380,110
375,110
354,110
336,110
313,110
1036,111
1018,111
1014,111
1001,111
986,111
980,111
975,111
944,111
930,111
913,111
899,111
828,111
793,111
773,111
746,111
705,111
696,111
683,111
648,111
609,111
607,111
553,111
543,111
529,111
521,111
517,111
503,111
486,111
473,111
453,111
440,111
429,111
416,111
385,111
365,111
342,111
339,111
312,111
1034,112
1008,112
1000,112
978,112
969,112
895,112
877,112
830,112
826,112
815,112
791,112
717,112
715,112
692,112
597,112
572,112
554,112
498,112
479,112
477,112
436,112
419,112
403,112
368,112
357,112
346,112
339,112
1039,113
1015,113
897,113
892,113
885,113
840,113
752,113
528,113
506,113
503,113
473,113
449,113
404,113
378,113
371,113
367,113
354,113
349,113
342,113
337,113
1019,114
1012,114
999,114
977,114
968,114
962,114
903,114
785,114
741,114
657,114
643,114
623,114
587,114
482,114
475,114
413,114
400,114
389,114
363,114
358,114
1014,115
985,115
975,115
960,115
930,115
910,115
895,115
826,115
795,115
793,115
781,115
620,115
568,115
563,115
542,115
528,115
519,115
509,115
488,115
483,115
472,115
462,115
436,115
434,115
382,115
365,115
357,115
352,115
1031,116
987,116
980,116
976,116
926,116
914,116
900,116
867,116
847,116
839,116
827,116
820,116
785,116
767,116
746,116
688,116
678,116
660,116
637,116
612,116
566,116
558,116
544,116
534,116
529,116
475,116
448,116
418,116
411,116
371,116
367,116
364,116
360,116
352,116
345,116
333,116
323,116
1033,117
1031,117
1005,117
975,117
972,117
967,117
925,117
896,117
821,117
749,117
702,117
697,117
657,117
576,117
542,117
514,117
506,117
496,117
481,117
454,117
450,117
445,117
430,117
428,117
425,117
411,117
409,117
405,117
382,117
370,117
363,117
344,117
341,117
322,117
1039,118
985,118
899,118
889,118
851,118
817,118
815,118
689,118
676,118
663,118
617,118
594,118
579,118
549,118
543,118
520,118
516,118
496,118
463,118
448,118
391,118
355,118
344,118
1017,119
970,119
874,119
851,119
833,119
802,119
739,119
696,119
661,119
606,119
590,119
565,119
519,119
503,119
476,119
453,119
396,119
388,119
371,119
362,119
342,119
1034,120
1027,120
1007,120
995,120
988,120
977,120
970,120
961,120
950,120
929,120
902,120
881,120
871,120
859,120
807,120
802,120
779,120
732,120
612,120
605,120
590,120
588,120
560,120
542,120
492,120
452,120
440,120
423,120
400,120
398,120
385,120
368,120
365,120
1009,121
987,121
968,121
937,121
927,121
905,121
892,121
879,121
805,121
757,121
725,121
698,121
623,121
597,121
532,121
517,121
488,121
485,121
446,121
436,121
418,121
410,121
394,121
390,121
361,121
356,121
342,121
335,121
1032,122
982,122
899,122
867,122
859,122
820,122
795,122
642,122
624,122
497,122
485,122
479,122
448,122
444,122
442,122
434,122
417,122
396,122
383,122
368,122
339,122
1037,123
972,123
950,123
932,123
924,123
922,123
894,123
868,123
866,123
726,123
714,123
628,123
534,123
518,123
468,123
411,123
404,123
391,123
373,123
367,123
346,123
319,123
1016,124
1010,124
986,124
949,124
894,124
814,124
788,124
745,124
591,124
583,124
578,124
499,124
486,124
464,124
454,124
417,124
387,124
356,124
340,124
1035,125
1019,125
961,125
944,125
922,125
886,125
832,125
814,125
810,125
796,125
768,125
717,125
713,125
711,125
690,125
683,125
613,125
610,125
554,125
518,125
475,125
445,125
440,125
424,125
409,125
392,125
370,125
335,125
1037,126
995,126
940,126
903,126
901,126
896,126
849,126
837,126
822,126
761,126
731,126
717,126
697,126
644,126
628,126
626,126
540,126
516,126
509,126
505,126
493,126
464,126
425,126
387,126
371,126
367,126
357,126
335,126
328,126
1023,127
1018,127
1016,127
964,127
960,127
957,127
920,127
901,127
843,127
822,127
780,127
749,127
671,127
664,127
650,127
608,127
602,127
534,127
524,127
468,127
431,127
427,127
393,127
388,127
376,127
366,127
336,127
322,127
306,127
1039,128
998,128
953,128
946,128
913,128
870,128
703,128
667,128
650,128
635,128
492,128
486,128
470,128
453,128
450,128
439,128
410,128
405,128
385,128
382,128
373,128
348,128
1030,129
1021,129
1005,129
992,129
979,129
949,129
944,129
911,129
878,129
827,129
781,129
713,129
706,129
662,129
655,129
624,129
616,129
610,129
597,129
593,129
555,129
531,129
512,129
481,129
460,129
439,129
434,129
427,129
419,129
402,129
394,129
348,129
320,129
1034,130
1003,130
996,130
992,130
981,130
979,130
960,130
943,130
922,130
891,130
883,130
875,130
817,130
778,130
774,130
718,130
706,130
645,130
616,130
501,130
480,130
467,130
443,130
440,130
432,130
427,130
373,130
352,130
344,130
325,130
1034,131
1031,131
997,131
948,131
942,131
931,131
856,131
823,131
805,131
779,131
761,131
705,131
692,131
632,131
606,131
572,131
569,131
543,131
536,131
518,131
506,131
491,131
456,131
440,131
437,131
418,131
409,131
398,131
391,131
351,131
347,131
344,131
1028,132
1010,132
956,132
914,132
856,132
804,132
781,132
736,132
731,132
713,132
705,132
608,132
588,132
584,132
530,132
517,132
501,132
495,132
489,132
467,132
465,132
444,132
441,132
431,132
413,132
394,132
390,132
382,132
344,132
331,132
322,132
314,132
307,132
1039,133
1030,133
1025,133
1010,133
1004,133
995,133
949,133
884,133
845,133
795,133
793,133
766,133
722,133
664,133
658,133
594,133
590,133
582,133
576,133
559,133
538,133
523,133
485,133
464,133
452,133
428,133
399,133
1021,134
1004,134
988,134
979,134
957,134
937,134
932,134
930,134
899,134
884,134
872,134
839,134
821,134
803,134
770,134
760,134
743,134
664,134
639,134
637,134
621,134
617,134
596,134
560,134
541,134
526,134
487,134
483,134
459,134
457,134
433,134
419,134
393,134
372,134
364,134
1029,135
993,135
964,135
913,135
889,135
883,135
874,135
848,135
833,135
757,135
683,135
582,135
578,135
549,135
532,135
518,135
500,135
494,135
481,135
470,135
447,135
441,135
402,135
378,135
346,135
319,135
986,136
982,136
947,136
864,136
855,136
848,136
767,136
746,136
744,136
693,136
643,136
592,136
555,136
506,136
475,136
433,136
426,136
418,136
374,136
358,136
551,137
523,137
499,137
487,137
481,137
473,137
455,137
439,137
416,137
404,137
395,137
374,137
345,137
315,137
312,137
1020,138
1007,138
996,138
968,138
944,138
931,138
923,138
897,138
712,138
631,138
587,138
548,138
536,138
527,138
495,138
484,138
480,138
453,138
442,138
437,138
418,138
408,138
405,138
397,138
372,138
367,138
344,138
322,138
1036,139
1021,139
1005,139
994,139
984,139
968,139
950,139
928,139
918,139
847,139
815,139
767,139
762,139
751,139
741,139
730,139
714,139
694,139
646,139
620,139
558,139
539,139
521,139
509,139
486,139
471,139
433,139
402,139
369,139
363,139
354,139
351,139
1020,140
987,140
979,140
944,140
870,140
855,140
813,140
781,140
759,140
733,140
709,140
632,140
600,140
580,140
546,140
532,140
503,140
480,140
470,140
450,140
446,140
437,140
430,140
410,140
337,140
330,140
998,141
933,141
929,141
921,141
854,141
822,141
788,141
719,141
695,141
624,141
575,141
541,141
504,141
491,141
447,141
428,141
413,141
397,141
386,141
375,141
357,141
353,141
750,142
745,142
718,142
683,142
652,142
650,142
642,142
600,142
458,142
452,142
447,142
417,142
396,142
383,142
359,142
356,142
344,142
339,142
1039,143
1025,143
1016,143
1000,143
985,143
975,143
963,143
950,143
929,143
918,143
908,143
894,143
843,143
825,143
798,143
787,143
777,143
775,143
763,143
735,143
712,143
681,143
643,143
623,143
610,143
605,143
571,143
548,143
538,143
529,143
512,143
494,143
482,143
461,143
455,143
447,143
429,143
413,143
394,143
368,143
349,143
1022,144
987,144
975,144
943,144
936,144
909,144
874,144
853,144
782,144
732,144
702,144
694,144
653,144
628,144
615,144
595,144
571,144
564,144
551,144
533,144
527,144
519,144
484,144
445,144
429,144
415,144
375,144
355,144
333,144
1035,145
992,145
971,145
901,145
816,145
808,145
715,145
694,145
679,145
665,145
637,145
618,145
550,145
540,145
483,145
462,145
448,145
402,145
397,145
383,145
374,145
364,145
328,145
324,145
315,145
747,146
654,146
625,146
621,146
591,146
572,146
567,146
546,146
499,146
472,146
468,146
450,146
432,146
410,146
403,146
401,146
396,146
381,146
376,146
348,146
344,146
329,146
319,146
312,146
650,147
646,147
597,147
538,147
527,147
514,147
499,147
475,147
464,147
461,147
439,147
433,147
402,147
377,147
367,147
359,147
353,147
313,147
309,147
1039,148
1027,148
1020,148
982,148
973,148
969,148
939,148
932,148
879,148
848,148
837,148
824,148
808,148
793,148
775,148
757,148
747,148
702,148
696,148
627,148
613,148
524,148
491,148
463,148
440,148
427,148
415,148
408,148
386,148
362,148
349,148
329,148
315,148
1032,149
1002,149
972,149
951,149
945,149
929,149
925,149
899,149
866,149
853,149
844,149
813,149
781,149
751,149
731,149
662,149
650,149
637,149
614,149
605,149
568,149
549,149
532,149
527,149
488,149
460,149
453,149
418,149
394,149
356,149
342,149
853,150
806,150
779,150
738,150
696,150
646,150
520,150
492,150
473,150
459,150
457,150
454,150
413,150
385,150
364,150
356,150
353,150
349,150
338,150
328,150
679,151
662,151
613,151
610,151
531,151
504,151
453,151
434,151
424,151
416,151
392,151
368,151
350,151
704,152
652,152
642,152
603,152
566,152
540,152
536,152
464,152
460,152
453,152
430,152
414,152
407,152
404,152
363,152
346,152
344,152
316,152
850,153
846,153
807,153
796,153
781,153
777,153
711,153
666,153
635,153
618,153
590,153
566,153
526,153
508,153
484,153
449,153
433,153
427,153
419,153
351,153
737,154
673,154
515,154
498,154
495,154
486,154
463,154
450,154
446,154
409,154
355,154
328,154
559,155
554,155
526,155
495,155
475,155
406,155
375,155
352,155
342,155
664,156
646,156
539,156
481,156
475,156
469,156
463,156
418,156
380,156
376,156
360,156
350,156
607,157
572,157
507,157
494,157
473,157
469,157
462,157
453,157
417,157
401,157
383,157
374,157
365,157
360,157
327,157
767,158
731,158
693,158
666,158
593,158
572,158
523,158
514,158
488,158
484,158
458,158
454,158
431,158
426,158
393,158
383,158
375,158
361,158
626,159
579,159
540,159
522,159
516,159
445,159
422,159
414,159
401,159
387,159
384,159
380,159
357,159
344,159
319,159
507,160
501,160
489,160
482,160
465,160
456,160
432,160
421,160
398,160
385,160
363,160
338,160
557,161
528,161
513,161
447,161
432,161
386,161
384,161
376,161
356,161
338,161
336,161
332,161
321,161
314,161
309,161
551,162
539,162
516,162
490,162
469,162
448,162
435,162
395,162
383,162
373,162
334,162
320,162
316,162
599,163
585,163
500,163
477,163
466,163
452,163
445,163
413,163
396,163
370,163
356,163
346,163
598,164
564,164
553,164
445,164
409,164
381,164
365,164
356,164
533,166
509,166
450,166
434,166
420,166
416,166
406,166
401,166
390,166
356,166
330,166
474,167
463,167
425,167
409,167
392,167
385,167
364,167
349,167
341,167
538,168
529,168
520,168
485,168
468,168
448,168
424,168
418,168
395,168
387,168
383,168
366,168
1010,169
1006,169
998,169
974,169
950,169
930,169
925,169
912,169
906,169
898,169
878,169
876,169
840,169
820,169
816,169
805,169
797,169
779,169
745,169
725,169
709,169
680,169
660,169
621,169
582,169
559,169
500,169
480,169
469,169
461,169
435,169
421,169
407,169
401,169
381,169
356,169
348,169
335,169
321,169
1020,170
997,170
959,170
910,170
905,170
874,170
869,170
849,170
845,170
833,170
820,170
782,170
749,170
725,170
688,170
673,170
662,170
646,170
628,170
622,170
565,170
538,170
1014,171
964,171
948,171
862,171
851,171
840,171
796,171
770,171
735,171
732,171
726,171
715,171
670,171
570,171
537,171
534,171
516,171
469,171
464,171
462,171
422,171
394,171
379,171
354,171
345,171
341,171
330,171
1032,172
1003,172
975,172
879,172
858,172
836,172
807,172
642,172
600,172
562,172
558,172
519,172
464,172
425,172
408,172
394,172
355,172
341,172
338,172
325,172
310,172
1019,173
1002,173
964,173
949,173
904,173
883,173
880,173
869,173
851,173
847,173
805,173
756,173
720,173
639,173
628,173
565,173
556,173
541,173
526,173
481,173
477,173
456,173
416,173
393,173
386,173
363,173
351,173
345,173
341,173
335,173
331,173
1039,174
1019,174
987,174
962,174
935,174
918,174
891,174
879,174
850,174
819,174
804,174
801,174
779,174
772,174
757,174
729,174
704,174
680,174
668,174
661,174
642,174
604,174
599,174
583,174
580,174
570,174
555,174
531,174
506,174
461,174
443,174
423,174
412,174
389,174
365,174
355,174
322,174
1037,175
1029,175
964,175
955,175
905,175
885,175
872,175
841,175
838,175
829,175
794,175
783,175
756,175
753,175
726,175
704,175
603,175
525,175
519,175
476,175
451,175
416,175
402,175
375,175
357,175
340,175
316,175
1039,176
1008,176
959,176
938,176
925,176
858,176
820,176
782,176
685,176
677,176
653,176
646,176
579,176
550,176
500,176
491,176
478,176
439,176
424,176
405,176
394,176
390,176
374,176
365,176
358,176
350,176
335,176
322,176
1032,177
1009,177
958,177
937,177
920,177
891,177
888,177
852,177
826,177
733,177
694,177
679,177
601,177
558,177
545,177
530,177
521,177
516,177
478,177
469,177
424,177
404,177
391,177
372,177
355,177
337,177
1039,178
1012,178
1003,178
990,178
981,178
978,178
959,178
956,178
945,178
886,178
878,178
863,178
851,178
840,178
810,178
781,178
754,178
698,178
656,178
613,178
578,178
571,178
528,178
503,178
483,178
467,178
464,178
449,178
428,178
404,178
394,178
381,178
348,178
342,178
1010,179
989,179
952,179
932,179
882,179
856,179
835,179
829,179
800,179
784,179
739,179
724,179
685,179
667,179
657,179
637,179
577,179
537,179
516,179
510,179
482,179
436,179
386,179
378,179
350,179
339,179
334,179
327,179
321,179
1004,180
975,180
971,180
916,180
893,180
730,180
726,180
698,180
669,180
638,180
626,180
621,180
575,180
555,180
490,180
484,180
400,180
372,180
357,180
354,180
340,180
322,180
318,180
850,181
793,181
782,181
717,181
706,181
580,181
571,181
566,181
539,181
460,181
447,181
427,181
410,181
382,181
332,181
1015,182
1012,182
1001,182
994,182
935,182
920,182
912,182
893,182
882,182
867,182
862,182
849,182
808,182
805,182
797,182
790,182
784,182
735,182
691,182
678,182
649,182
598,182
594,182
552,182
504,182
489,182
418,182
413,182
371,182
353,182
322,182
1037,183
1006,183
979,183
966,183
920,183
902,183
893,183
883,183
865,183
860,183
842,183
799,183
788,183
777,183
774,183
768,183
749,183
742,183
737,183
703,183
700,183
660,183
627,183
614,183
605,183
601,183
598,183
569,183
556,183
516,183
501,183
495,183
487,183
482,183
467,183
429,183
425,183
408,183
394,183
389,183
359,183
353,183
347,183
322,183
1021,184
1019,184
965,184
952,184
916,184
899,184
870,184
852,184
833,184
822,184
808,184
775,184
764,184
747,184
719,184
717,184
713,184
694,184
678,184
673,184
670,184
635,184
592,184
572,184
568,184
549,184
526,184
504,184
446,184
425,184
413,184
393,184
375,184
365,184
358,184
335,184
326,184
1028,185
1025,185
969,185
966,185
919,185
915,185
906,185
784,185
776,185
749,185
685,185
681,185
622,185
540,185
529,185
502,185
480,185
444,185
439,185
417,185
377,185
373,185
339,185
1017,186
1015,186
999,186
992,186
980,186
910,186
877,186
855,186
853,186
844,186
833,186
804,186
798,186
757,186
634,186
619,186
615,186
602,186
599,186
586,186
541,186
482,186
435,186
410,186
398,186
393,186
388,186
379,186
371,186
367,186
343,186
1016,187
1011,187
1001,187
994,187
990,187
988,187
982,187
923,187
901,187
884,187
862,187
811,187
791,187
765,187
708,187
692,187
648,187
618,187
537,187
511,187
504,187
439,187
395,187
386,187
372,187
326,187
319,187
316,187
1039,188
1025,188
1022,188
1005,188
991,188
973,188
936,188
930,188
901,188
865,188
855,188
839,188
831,188
809,188
785,188
763,188
749,188
742,188
728,188
711,188
694,188
651,188
642,188
620,188
612,188
598,188
558,188
542,188
535,188
489,188
462,188
451,188
447,188
431,188
418,188
408,188
398,188
372,188
358,188
341,188
328,188
319,188
1037,189
1014,189
979,189
967,189
930,189
848,189
831,189
805,189
793,189
770,189
765,189
753,189
724,189
710,189
664,189
648,189
546,189
544,189
495,189
449,189
446,189
419,189
395,189
374,189
360,189
342,189
330,189
1014,190
988,190
976,190
896,190
860,190
852,190
831,190
819,190
754,190
738,190
704,190
693,190
670,190
654,190
651,190
610,190
584,190
539,190
536,190
529,190
498,190
477,190
418,190
410,190
393,190
340,190
1014,191
995,191
974,191
940,191
922,191
911,191
853,191
848,191
832,191
804,191
739,191
709,191
697,191
682,191
648,191
498,191
447,191
412,191
398,191
386,191
360,191
317,191
1036,192
1017,192
1000,192
975,192
958,192
948,192
926,192
913,192
838,192
808,192
772,192
700,192
683,192
620,192
605,192
573,192
540,192
505,192
417,192
391,192
380,192
353,192
1039,193
1032,193
1014,193
995,193
977,193
943,193
928,193
912,193
902,193
898,193
895,193
840,193
835,193
811,193
794,193
766,193
701,193
675,193
641,193
611,193
592,193
586,193
554,193
550,193
523,193
491,193
481,193
444,193
442,193
437,193
425,193
410,193
399,193
388,193
375,193
366,193
1031,194
989,194
966,194
911,194
897,194
849,194
835,194
819,194
799,194
782,194
778,194
661,194
651,194
631,194
594,194
571,194
563,194
529,194
499,194
488,194
480,194
466,194
450,194
421,194
394,194
373,194
333,194
330,194
1028,195
973,195
930,195
886,195
880,195
866,195
849,195
834,195
830,195
825,195
764,195
740,195
618,195
535,195
503,195
423,195
401,195
382,195
358,195
986,196
965,196
938,196
908,196
858,196
852,196
841,196
822,196
739,196
724,196
620,196
526,196
496,196
451,196
438,196
417,196
371,196
358,196
333,196
318,196
1016,197
994,197
951,197
910,197
893,197
872,197
861,197
859,197
850,197
844,197
822,197
792,197
771,197
753,197
731,197
721,197
692,197
614,197
565,197
530,197
471,197
465,197
462,197
459,197
422,197
416,197
382,197
377,197
366,197
354,197
1039,198
1030,198
1018,198
1016,198
1002,198
965,198
959,198
916,198
886,198
822,198
803,198
784,198
769,198
743,198
725,198
685,198
673,198
649,198
645,198
619,198
527,198
501,198
497,198
476,198
450,198
438,198
412,198
400,198
391,198
385,198
351,198
321,198
318,198
1023,199
963,199
958,199
929,199
913,199
867,199
800,199
756,199
699,199
687,199
684,199
577,199
568,199
554,199
539,199
482,199
457,199
441,199
425,199
405,199
365,199
352,199
349,199
336,199
323,199
1037,200
1013,200
988,200
963,200
925,200
906,200
854,200
833,200
785,200
751,200
648,200
642,200
626,200
505,200
493,200
478,200
472,200
460,200
438,200
378,200
345,200
328,200
1013,201
983,201
946,201
901,201
870,201
766,201
680,201
676,201
646,201
628,201
536,201
484,201
468,201
423,201
421,201
407,201
403,201
390,201
370,201
366,201
354,201
337,201
